Species;P1_Cov (%);P1_E;P1_ID (%);P2_Cov (%);P2_E;P2_ID (%);P3_Cov (%);P3_E;P3_ID (%);P4_Cov (%);P4_E;P4_ID (%);P5_Cov (%);P5_E;P5_ID (%);P6_Cov (%);P6_E;P6_ID (%);P7_Cov (%);P7_E;P7_ID (%);P8_Cov (%);P8_E;P8_ID (%)
Gluconacetobacter brunescens Hr-1-5;100.0;0.00E+00;100.0;100.0;0.00E+00;100.0;100.0;0.00E+00;100.0;100.0;0.00E+00;100.0;100.0;0.00E+00;100.0;100.0;0.00E+00;100;100;0.00E+00;100;100;0.00E+00;100
Novacetimonas hansenii;0.00;1.00E+00;0;91.0;2.00E-61;68.18;100.0;0.00E+00;81.69;93.0;3.00E-165;66.76;94.0;4.00E-135;54.88;99.0;0.00E+00;69.38;0;1.00E+00;0;0;1.00E+00;0
Novacetimonas_2;0.00;1.00E+00;0;92.0;3.00E-76;78.95;100.0;0.00E+00;82.32;93.0;9.00E-164;66.48;92.0;4.00E-135;54.67;99.0;0.00E+00;76.50;0;1.00E+00;0;0;1.00E+00;0
Novacetimonas_3;0.00;1.00E+00;0;92.0;4.00E-52;62.41;100.0;0.00E+00;81.40;93.0;4.00E-163;66.19;92.0;4.00E-135;54.40;99.0;0.00E+00;69.38;0;1.00E+00;0;0;1.00E+00;0
Novacetimonas_4;0.00;1.00E+00;0;92.0;1.00E-51;63.43;100.0;0.00E+00;81.69;93.0;5.00E-162;65.90;92.0;6.00E-135;54.40;99.0;0.00E+00;69.11;0;1.00E+00;0;0;1.00E+00;0
Novacetimonas_5;0.00;1.00E+00;0;92.0;5.00E-51;62.69;100.0;0.00E+00;80.52;93.0;7.00E-161;66.38;95.0;7.00E-135;54.59;99.0;0.00E+00;69.11;0;1.00E+00;0;0;1.00E+00;0
Novacetimonas_6;0.00;1.00E+00;0;88.0;3.00E-46;57.03;100.0;0.00E+00;80.52;94.0;9.00E-158;66.29;90.0;1.00E-134;55.83;97.0;0.00E+00;69.38;0;1.00E+00;0;0;1.00E+00;0
Novacetimonas_7;0.00;1.00E+00;0;89.0;4.00E-44;55.04;100.0;0.00E+00;81.40;98.0;2.00E-154;63.59;95.0;2.00E-134;54.59;97.0;0.00E+00;70.75;0;1.00E+00;0;0;1.00E+00;0
Novacetimonas_8;0.00;1.00E+00;0;89.0;4.00E-44;55.04;100.0;0.00E+00;81.10;98.0;3.00E-154;63.32;95.0;2.00E-134;54.59;99.0;0.00E+00;68.48;0;1.00E+00;0;0;1.00E+00;0
Novacetimonas_9;0.00;1.00E+00;0;89.0;6.00E-44;55.04;100.0;0.00E+00;80.81;98.0;4.00E-154;63.32;95.0;2.00E-134;54.59;99.0;0.00E+00;68.48;0;1.00E+00;0;0;1.00E+00;0
Novacetimonas_10;0.00;1.00E+00;0;88.0;7.00E-44;55.04;100.0;0.00E+00;80.23;98.0;4.00E-154;63.32;92.0;3.00E-134;54.13;97.0;0.00E+00;71.03;0;1.00E+00;0;0;1.00E+00;0
Komagataeibacter xylinus;94.00;1.00E-138;71.76;88;1.00E-56;65.62;100;0.00E+00;78.78;95;9.00E-168;67.61;85;7.00E-132;54.97;99;0.00E+00;75.96;0;1.00E+00;0;0;1.00E+00;0
Komagataeibacter_2;95.0;2.00E-144;73.48;92.0;9.00E-76;78.95;90.0;0.00E+00;89.61;94.0;7.00E-169;68.36;91.0;3.00E-143;57.73;98.0;0.00E+00;77.13;0;1.00E+00;0;0;1.00E+00;0
Komagataeibacter_3;97.0;1.00E-140;72.86;52.0;8.00E-39;78.67;100.0;0.00E+00;84.88;94.0;2.00E-165;67.81;88.0;5.00E-139;57.67;98.0;0.00E+00;77.13;0;1.00E+00;0;0;1.00E+00;0
Komagataeibacter_4;97.0;5.00E-140;72.49;92.0;7.00E-75;78.20;100.0;0.00E+00;81.69;94.0;2.00E-165;67.81;83.0;5.00E-129;57.23;98.0;0.00E+00;77.13;0;1.00E+00;0;0;1.00E+00;0
Komagataeibacter_5;97.0;7.00E-140;72.49;50.0;1.00E-35;77.78;100.0;0.00E+00;81.69;94.0;2.00E-156;67.52;83.0;9.00E-129;56.93;98.0;0.00E+00;76.86;0;1.00E+00;0;0;1.00E+00;0
Komagataeibacter_6;97.0;1.00E-139;72.49;92.0;6.00E-74;77.44;100.0;0.00E+00;81.40;94.0;4.00E-156;67.52;59.0;5.00E-95;56.84;98.0;0.00E+00;76.86;0;1.00E+00;0;0;1.00E+00;0
Komagataeibacter_7;97.0;1.00E-139;72.49;88.0;1.00E-61;70.31;100.0;0.00E+00;81.40;94.0;2.00E-164;67.51;84.0;1.00E-129;56.72;98.0;0.00E+00;76.86;0;1.00E+00;0;0;1.00E+00;0
Komagataeibacter_8;97.0;2.00E-139;72.12;91.0;5.00E-61;68.94;100.0;0.00E+00;81.40;94.0;2.00E-164;67.51;84.0;1.00E-129;56.72;97.0;0.00E+00;76.82;0;1.00E+00;0;0;1.00E+00;0
Komagataeibacter_9;97.0;2.00E-138;72.12;91.0;6.00E-61;68.94;100.0;0.00E+00;81.40;92.0;1.00E-160;67.34;86.0;4.00E-132;56.56;98.0;0.00E+00;76.58;0;1.00E+00;0;0;1.00E+00;0
Komagataeibacter_10;97.0;3.00E-144;71.96;91.0;1.00E-60;68.94;25.0;5.00E-45;81.18;95.0;8.00E-167;67.32;84.0;5.00E-129;56.42;98.0;0.00E+00;76.58;0;1.00E+00;0;0;1.00E+00;0
Gluconacetobacter tumulicola;97.0;3.00E-168;87.45;94.0;3.00E-80;82.35;100.0;0.00E+00;89.63;100.0;0.00E+00;91.67;99.0;0.00E+00;88.24;98.0;3.00E-86;40.86;100.0;0.00E+00;92.20;100.0;0.00E+00;93.76
Gluconacetobacter tumulisoli;95.0;1.00E-140;76.05;94.0;2.00E-81;82.35;100.0;0.00E+00;76.30;;4.00E-170;67.44;98.0;2.00E-165;64.30;93.0;2.00E-92;42.61;0;1.00E+00;0;0;1.00E+00;0
Gluconacetobacter diazotrophicus;0.00;1.00E+00;0;99.0;5.00E-80;79.17;100.0;0.00E+00;73.26;92.0;2.00E-173;71.14;99.0;0.00E+00;70.18;95.0;4.00E-159;65.27;98.0;0.00E+00;84.74;92.0;2.00E-134;45.55
Gluconacetobacter liquefaciens;100.0;8.00E-180;89.57;94.0;8.00E-88;89.71;100.0;0.00E+00;94.19;100.0;0.00E+00;96.25;100.0;0.00E+00;92.93;98.0;1.00E-87;41.67;98.0;0.00E+00;94.31;100.0;0.00E+00;95.98
Gluconacetobacter_5;100.0;0.00E+00;89.57;98.0;3.00E-91;89.44;100.0;0.00E+00;93.90;100.0;0.00E+00;95.44;100.0;0.00E+00;93.69;100.0;7.00E-178;65.97;96.0;0.00E+00;94.23;100.0;0.00E+00;95.17
Gluconacetobacter_6;100.0;0.00E+00;89.57;98.0;3.00E-90;88.73;100.0;0.00E+00;93.60;100.0;0.00E+00;95.44;100.0;0.00E+00;93.69;100.0;8.00E-178;65.97;100.0;0.00E+00;94.21;100.0;0.00E+00;95.17
Gluconacetobacter_7;100.0;0.00E+00;88.85;98.0;3.00E-90;88.03;100.0;0.00E+00;93.90;100.0;0.00E+00;95.71;100.0;0.00E+00;93.43;93.0;2.00E-177;70.03;96.0;0.00E+00;94.00;100.0;0.00E+00;92.76
Gluconacetobacter_8;97.0;6.00E-172;88.19;97.0;2.00E-89;88.57;100.0;0.00E+00;93.60;100.0;0.00E+00;95.44;100.0;0.00E+00;93.18;93.0;2.00E-177;70.03;100.0;0.00E+00;93.76;100.0;0.00E+00;92.56
Gluconacetobacter_9;97.0;2.00E-170;87.45;96.0;3.00E-83;85.61;100.0;0.00E+00;92.22;99.0;0.00E+00;95.41;100.0;0.00E+00;93.43;100.0;2.00E-177;65.71;96.0;0.00E+00;93.76;100.0;0.00E+00;89.34
Gluconacetobacter_10;100.0;2.00E-169;87.05;94.0;8.00E-81;83.09;100.0;0.00E+00;90.49;99.0;0.00E+00;95.14;100.0;0.00E+00;92.93;93.0;5.00E-177;69.74;100.0;0.00E+00;91.98;100.0;0.00E+00;83.40
Streptomyces scabiei;94.0;5.00E-46;39.47;0.0;1.00E+00;0;89.0;2.00E-110;53.90;0.0;1.00E+00;0;0;1.00E+00;0;0;1.00E+00;0;91.0;6.00E-41;29.74;84.0;7.00E-49;31.55
Streptomyces_2;99.0;1.00E-50;40.43;0.0;1.00E+00;0;100.0;3.00E-141;61.21;98.0;1.00E-76;41.62;90.0;1.00E-62;38.63;100.0;6.00E-58;35.53;89.0;1.00E-52;34.23;85.0;8.00E-69;34.26
Streptomyces_3;100.0;2.00E-50;40.21;0.0;1.00E+00;0;100.0;4.00E-141;59.42;92.0;2.00E-76;40.00;77.0;3.00E-50;34.84;100.0;9.00E-58;35.53;90.0;3.00E-52;31.73;89.0;5.00E-67;33.70
Streptomyces_4;99.0;2.00E-50;40.07;0.0;1.00E+00;0;100.0;9.00E-141;59.42;97.0;2.00E-76;40.49;91.0;1.00E-29;31.48;93.0;9.00E-56;33.52;90.0;3.00E-52;31.73;89.0;6.00E-67;33.70
Streptomyces_5;99.0;3.00E-50;40.07;0.0;1.00E+00;0;100.0;1.00E-140;60.92;97.0;3.00E-76;40.22;91.0;1.00E-29;32.28;95.0;1.00E-55;35.99;81.0;5.00E-52;35.28;89.0;7.00E-67;34.90
Streptomyces_6;98.0;4.00E-50;40.43;0.0;1.00E+00;0;100.0;6.00E-140;59.09;97.0;3.00E-76;40.22;91.0;1.00E-29;32.28;92.0;1.00E-55;34.76;85.0;7.00E-52;35.13;83.0;2.00E-66;33.88
Streptomyces_7;99.0;4.00E-50;40.07;0.0;1.00E+00;0;100.0;4.00E-139;60.34;98.0;5.00E-76;41.62;92.0;2.00E-28;30.65;91.0;2.00E-55;36.71;81.0;7.00E-52;35.28;88.0;2.00E-66;34.53
Streptomyces_8;96.0;1.00E-49;41.61;0.0;1.00E+00;0;91.0;8.00E-139;64.44;98.0;9.00E-76;40.43;92.0;8.00E-28;30.39;100.0;2.00E-55;35.84;86.0;1.00E-51;34.00;78.0;6.00E-66;36.16
Streptomyces_9;99.0;1.00E-49;39.71;0.0;1.00E+00;0;99.0;2.00E-138;60.87;97.0;1.00E-75;39.95;92.0;8.00E-28;30.39;99.0;3.00E-55;33.51;85.0;1.00E-51;34.87;78.0;1.00E-65;35.91
Streptomyces_10;95.0;1.00E-49;40.37;0.0;1.00E+00;0;99.0;5.00E-138;60.58;97.0;1.00E-75;39.95;86.0;1.00E-27;31.94;92.0;4.00E-55;35.29;85.0;1.00E-51;35.13;87.0;1.00E-65;34.86
Pseudomonas putida;86.0;4.00E-46;41.74;72.0;5.00E-20;42.86;87.0;4.00E-131;61.79;93.0;2.00E-124;53.47;90.0;9.00E-69;33.53;92.0;2.00E-85;41.26;22.0;2.00E-05;34.02;31.0;7.00E-04;29.68
Pseudomonas aeruginosa;95.0;3.00E-77;45.56;81.0;3.00E-23;45.76;90.0;2.00E-133;60.19;94.0;3.00E-164;66.86;78.0;3.00E-26;28.70;93.0;3.00E-88;42.66;84.0;6.00E-22;25.59;77.0;1.00E-27;26.99
Pseudomonas_3;94.0;6.00E-100;56.34;79.0;1.00E-32;52.59;99.0;8.00E-172;69.86;94.0;9.00E-164;66.86;89.0;4.00E-73;35.93;98.0;7.00E-91;42.63;91.0;1.00E-43;29.93;93.0;0.00E+00;70.04
Pseudomonas_4;95.0;7.00E-100;55.56;72.0;1.00E-25;54.29;99.0;2.00E-171;68.77;96.0;9.00E-152;65.08;90.0;2.00E-72;33.24;98.0;3.00E-90;43.43;84.0;5.00E-43;32.24;86.0;3.00E-55;31.28
Pseudomonas_5;95.0;1.00E-99;55.56;70.0;2.00E-25;52.94;99.0;6.00E-166;67.54;93.0;2.00E-151;66.28;90.0;3.00E-72;33.24;91.0;5.00E-90;45.64;88.0;2.00E-40;28.75;78.0;9.00E-51;32.75
Pseudomonas_6;94.0;1.00E-99;56.39;72.0;2.00E-25;54.29;90.0;3.00E-165;71.38;93.0;2.00E-151;66.28;89.0;4.00E-72;36.11;91.0;5.00E-90;45.64;88.0;2.00E-40;28.75;86.0;4.00E-49;31.19
Pseudomonas_7;94.0;2.00E-98;56.77;70.0;2.00E-25;52.94;90.0;1.00E-164;71.06;93.0;3.00E-150;65.99;90.0;4.00E-72;33.24;91.0;3.00E-88;43.90;88.0;3.00E-40;28.75;82.0;1.00E-38;26.68
Pseudomonas_8;95.0;3.00E-97;55.02;70.0;2.00E-25;52.94;90.0;6.00E-164;71.06;99.0;1.00E-149;59.84;90.0;4.00E-72;33.24;94.0;3.00E-88;43.54;84.0;5.00E-40;28.98;83.0;4.00E-38;25.78
Pseudomonas_9;98.0;2.00E-96;53.99;72.0;2.00E-25;53.33;88.0;3.00E-163;72.43;95.0;3.00E-149;61.52;90.0;7.00E-72;33.24;95.0;3.00E-88;43.45;88.0;8.00E-40;27.82;83.0;5.00E-38;25.78
Pseudomonas_10;94.0;2.00E-96;55.93;70.0;3.00E-25;52.94;87.0;2.00E-162;72.33;95.0;1.00E-148;61.30;88.0;1.00E-71;32.86;94.0;4.00E-88;43.54;84.0;9.00E-40;30.39;83.0;1.00E-37;25.78
Bacillus cereus;88.0;2.00E-36;33.20;0.0;1.00E+00;0;0;1.00E+00;0;92.0;5.00E-61;36.39;81.0;2.00E-29;31.38;91.0;5.00E-47;31.43;86.0;3.00E-34;28.93;83.0;3.00E-40;24.82
Bacillus_2;84.0;6.00E-42;36.02;0.0;1.00E+00;0;0;1.00E+00;0;92.0;3.00E-63;37.25;81.0;1.00E-29;30.59;91.0;3.00E-47;31.43;88.0;1.00E-56;30.34;81.0;2.00E-63;32.44
Bacillus_3;88.0;6.00E-39;33.20;0.0;1.00E+00;0;0;1.00E+00;0;92.0;4.00E-63;36.96;81.0;1.00E-29;30.59;91.0;5.00E-47;31.43;87.0;1.00E-52;31.50;81.0;4.00E-63;33.17
Bacillus_4;87.0;1.00E-38;33.60;0.0;1.00E+00;0;0;1.00E+00;0;92.0;8.00E-63;37.54;81.0;1.00E-29;30.79;91.0;3.00E-46;31.61;92.0;2.00E-52;30.46;81.0;6.00E-63;29.74
Bacillus_5;87.0;2.00E-38;33.33;0.0;1.00E+00;0;0;1.00E+00;0;92.0;9.00E-63;37.25;81.0;1.00E-29;30.59;91.0;5.00E-46;31.14;97.0;3.00E-51;29.93;89.0;1.00E-61;30.79
Bacillus_6;88.0;5.00E-38;35.57;0.0;1.00E+00;0;0;1.00E+00;0;92.0;1.00E-62;37.25;81.0;2.00E-29;31.38;91.0;5.00E-46;31.71;88.0;5.00E-51;29.31;81.0;2.00E-61;29.90
Bacillus_7;88.0;3.00E-37;32.68;0.0;1.00E+00;0;0;1.00E+00;0;92.0;1.00E-62;37.25;81.0;2.00E-29;30.59;91.0;6.00E-46;31.43;86.0;3.00E-50;29.37;89.0;2.00E-61;29.69
Bacillus_8;88.0;8.00E-37;32.40;0.0;1.00E+00;0;0;1.00E+00;0;92.0;1.00E-62;37.25;81.0;2.00E-29;31.38;91.0;6.00E-46;31.43;88.0;8.00E-50;31.00;81.0;3.00E-61;29.90
Bacillus_9;88.0;9.00E-37;32.80;0.0;1.00E+00;0;0;1.00E+00;0;92.0;1.00E-62;37.25;81.0;2.00E-29;30.59;91.0;6.00E-46;31.43;88.0;3.00E-49;31.00;88.0;9.00E-61;29.30
Bacillus_10;88.0;1.00E-36;32.53;0.0;1.00E+00;0;0;1.00E+00;0;92.0;2.00E-62;36.96;81.0;2.00E-29;30.59;91.0;8.00E-46;31.14;88.0;3.00E-49;30.85;80.0;9.00E-61;30.67
Escherichia coli (negative control);88.0;2.00E-33;34.01;58.0;3.00E-30;63.10;88.0;2.00E-153;68.09;78.0;7.00E-32;33.33;0;1.00E+00;0;72.0;3.00E-29;36.07;25.0;2.00E-14;32.76;83.0;1.00E-25;24.54
Escherichia coli_2;88.0;4.00E-33;34.14;52.0;2.00E-27;63.16;100.0;3.00E-152;62.79;78.0;3.00E-31;32.34;0;1.00E+00;0;71.0;6.00E-26;33.70;36.0;6.00E-13;29.19;75.0;2.00E-20;23.94
Escherichia coli_3;88.0;2.00E-32;34.14;55.0;4.00E-09;36.25;100.0;3.00E-152;62.39;50.0;2.00E-21;35.60;0;1.00E+00;0;43.0;8.00E-17;33.13;26.0;4.00E-12;38.98;28.0;9.00E-20;34.29
Escherichia coli_4;88.0;2.00E-32;33.73;65.0;2.00E-05;31.96;100.0;4.00E-152;62.39;43.0;3.00E-20;33.33;0;1.00E+00;0;50.0;4.00E-16;33.16;42.0;5.00E-12;29.02;27.0;3.00E-19;33.33
Escherichia coli_5;88.0;2.00E-32;33.73;45.0;1.00E-03;32.31;100.0;5.00E-152;62.50;23.0;2.00E-12;44.19;0;1.00E+00;0;30.0;5.00E-09;35.71;17.0;3.00E-08;41.33;30.0;2.00E-15;33.55
Escherichia coli_6;88.0;3.00E-32;33.60;28.0;5.00E-03;50.00;100.0;6.00E-152;62.50;32.0;2.00E-07;28.00;0;1.00E+00;0;23.0;2.00E-08;30.59;17.0;9.00E-08;34.18;72.0;1.00E-11;20.36
Escherichia coli_7;88.0;3.00E-32;33.73;0.0;1.00E+00;0;100.0;6.00E-152;62.50;24.0;7.00E-05;37.63;0;1.00E+00;0;23.0;4.00E-03;34.83;18.0;1.00E-07;39.51;16.0;5.00E-10;40.48
Escherichia coli_8;88.0;5.00E-32;33.60;0.0;1.00E+00;0;100.0;6.00E-152;62.79;0.0;1.00E+00;0;0;1.00E+00;0;0.0;1.00E+00;0;13.0;8.00E-03;36.84;14.0;2.00E-09;43.48
Escherichia coli_9;88.0;5.00E-32;33.60;0.0;1.00E+00;0;100.0;6.00E-152;62.50;0.0;1.00E+00;0;0;1.00E+00;0;0.0;1.00E+00;0;9.0;1.70E-02;46.34;10.0;3.00E-05;42.31
Escherichia coli_10;88.0;7.00E-32;33.60;0.0;1.00E+00;0;100.0;7.00E-152;62.21;0.0;1.00E+00;0;0;1.00E+00;0;0.0;1.00E+00;0;82.0;1.00E-16;23.65;10.0;4.00E-04;36.54
Acinetobacter baumannii;74.0;2.00E-42;44.98;53.0;2.00E-30;64.94;90.0;1.00E-132;59.87;92.0;9.00E-67;37.36;0;1.00E+00;0;90.0;2.00E-51;34.40;84.0;1.00E-20;25.65;77.0;2.00E-26;26.74
Acinetobacter_2;96.0;3.00E-79;46.86;66.0;3.00E-12;39.18;88.0;4.00E-104;50.65;50.0;6.00E-22;35.60;0;1.00E+00;0;49.0;9.00E-17;33.51;88.0;6.00E-34;26.68;80.0;8.00E-34;27.76
Acinetobacter_3;96.0;4.00E-79;46.86;63.0;4.00E-12;40.00;88.0;4.00E-103;50.00;19.0;3.00E-10;45.21;0;1.00E+00;0;17.0;7.00E-08;43.75;88.0;6.00E-34;26.68;80.0;8.00E-34;27.76
Acinetobacter_4;96.0;4.00E-79;47.23;73.0;4.00E-12;36.11;85.0;2.00E-102;49.83;18.0;6.00E-06;37.88;0;1.00E+00;0;20.0;3.70E-02;36.71;84.0;1.00E-20;25.65;16.0;1.00E-28;65.43
Acinetobacter_5;96.0;4.00E-79;47.23;72.0;5.00E-12;36.79;88.0;6.00E-102;50.00;0.0;1.00E+00;0;0;1.00E+00;0;0.0;1.00E+00;0;77.0;2.00E-20;23.23;26.0;6.00E-12;30.53
Acinetobacter_6;96.0;5.00E-79;47.23;68.0;6.00E-12;38.61;88.0;2.00E-101;49.67;0.0;1.00E+00;0;0;1.00E+00;0;0.0;1.00E+00;0;16.0;3.00E-17;55.71;17.0;3.00E-20;44.71
Acinetobacter_7;96.0;5.00E-79;46.86;72.0;1.00E-11;36.79;88.0;2.00E-101;50.00;0.0;1.00E+00;0;0;1.00E+00;0;0.0;1.00E+00;0;18.0;1.00E-15;43.90;62.0;7.00E-20;25.47
Acinetobacter_8;96.0;5.00E-79;46.86;66.0;1.00E-11;38.14;87.0;2.00E-101;50.00;0.0;1.00E+00;0;0;1.00E+00;0;0.0;1.00E+00;0;26.0;1.00E-14;30.89;17.0;1.00E-17;49.41
Acinetobacter_9;96.0;6.00E-79;46.86;72.0;2.00E-11;36.79;87.0;3.00E-101;50.33;0.0;1.00E+00;0;0;1.00E+00;0;0.0;1.00E+00;0;20.0;2.00E-14;40.45;16.0;5.00E-17;48.72
Acinetobacter_10;96.0;6.00E-79;46.86;72.0;2.00E-11;36.79;88.0;4.00E-101;50.00;0.0;1.00E+00;0;0;1.00E+00;0;0.0;1.00E+00;0;56.0;1.00E-13;24.60;59.0;4.00E-16;23.95
Silene latifolia;73.0;1.00E-51;45.15;0.0;1.00E+00;0;0.0;1.00E+00;0;0.0;1.00E+00;0;0.0;1.00E+00;0;0.0;1.00E+00;0;83.0;4.00E-37;27.37;80.0;3.00E-41;28.40
Silene latifolia_2;73.0;5.00E-51;44.39;0.0;1.00E+00;0;0.0;1.00E+00;0;0.0;1.00E+00;0;0.0;1.00E+00;0;0.0;1.00E+00;0;88.0;6.00E-37;27.97;80.0;4.00E-41;29.13
Silene latifolia_3;73.0;5.00E-50;44.12;0.0;1.00E+00;0;0.0;1.00E+00;0;0.0;1.00E+00;0;0.0;1.00E+00;0;0.0;1.00E+00;0;87.0;7.00E-37;25.67;80.0;5.00E-41;28.40
Silene latifolia_4;73.0;6.00E-50;43.14;0.0;1.00E+00;0;0.0;1.00E+00;0;0.0;1.00E+00;0;0.0;1.00E+00;0;0.0;1.00E+00;0;80.0;3.00E-34;25.85;80.0;6.00E-41;26.54
Silene latifolia_5;73.0;8.00E-49;43.14;0.0;1.00E+00;0;0.0;1.00E+00;0;0.0;1.00E+00;0;0.0;1.00E+00;0;0.0;1.00E+00;0;89.0;4.00E-34;24.43;81.0;2.00E-40;25.94
Silene latifolia_6;73.0;6.00E-47;41.67;0.0;1.00E+00;0;0.0;1.00E+00;0;0.0;1.00E+00;0;0.0;1.00E+00;0;0.0;1.00E+00;0;86.0;1.00E-33;26.23;78.0;2.00E-40;27.88
Silene latifolia_7;85.0;8.00E-38;36.48;0.0;1.00E+00;0;0.0;1.00E+00;0;0.0;1.00E+00;0;0.0;1.00E+00;0;0.0;1.00E+00;0;80.0;1.00E-33;26.37;89.0;3.00E-40;25.46
Silene latifolia_8;74.0;2.00E-36;37.09;0.0;1.00E+00;0;0.0;1.00E+00;0;0.0;1.00E+00;0;0.0;1.00E+00;0;0.0;1.00E+00;0;88.0;4.00E-39;27.25;81.0;3.00E-40;26.18
Silene latifolia_9;60.0;2.00E-26;36.63;0.0;1.00E+00;0;0.0;1.00E+00;0;0.0;1.00E+00;0;0.0;1.00E+00;0;0.0;1.00E+00;0;88.0;4.00E-39;27.25;80.0;5.00E-40;28.81
Silene latifolia_10;41.0;6.00E-12;36.52;0.0;1.00E+00;0;0.0;1.00E+00;0;0.0;1.00E+00;0;0.0;1.00E+00;0;0.0;1.00E+00;0;88.0;4.00E-38;27.34;80.0;6.00E-40;26.20
Spinacia oleracea;73.0;1.00E-50;42.93;0.0;1.00E+00;0;0.0;1.00E+00;0;0.0;1.00E+00;0;0.0;1.00E+00;0;0.0;1.00E+00;0;84.0;3.00E-37;26.49;80.0;2.00E-42;27.34
Spinacia oleracea_2;73.0;2.00E-45;40.78;0.0;1.00E+00;0;0.0;1.00E+00;0;0.0;1.00E+00;0;0.0;1.00E+00;0;0.0;1.00E+00;0;88.0;6.00E-36;27.87;80.0;8.00E-42;26.23
Spinacia oleracea_3;73.0;6.00E-45;40.78;0.0;1.00E+00;0;0.0;1.00E+00;0;0.0;1.00E+00;0;0.0;1.00E+00;0;0.0;1.00E+00;0;84.0;1.00E-35;28.19;80.0;3.00E-41;26.23
Spinacia oleracea_4;73.0;4.00E-40;38.65;0.0;1.00E+00;0;0.0;1.00E+00;0;0.0;1.00E+00;0;0.0;1.00E+00;0;0.0;1.00E+00;0;88.0;3.00E-35;26.17;80.0;3.00E-41;29.30
Spinacia oleracea_5;73.0;4.00E-40;38.65;0.0;1.00E+00;0;0.0;1.00E+00;0;0.0;1.00E+00;0;0.0;1.00E+00;0;0.0;1.00E+00;0;80.0;1.00E-34;29.34;80.0;5.00E-41;28.84
Spinacia oleracea_6;73.0;6.00E-40;38.65;0.0;1.00E+00;0;0.0;1.00E+00;0;0.0;1.00E+00;0;0.0;1.00E+00;0;0.0;1.00E+00;0;86.0;9.00E-34;26.81;81.0;2.00E-40;26.44
Spinacia oleracea_7;74.0;2.00E-39;37.50;0.0;1.00E+00;0;0.0;1.00E+00;0;0.0;1.00E+00;0;0.0;1.00E+00;0;0.0;1.00E+00;0;72.0;9.00E-34;30.41;80.0;5.00E-40;26.23
Spinacia oleracea_8;73.0;3.00E-38;36.45;0.0;1.00E+00;0;0.0;1.00E+00;0;0.0;1.00E+00;0;0.0;1.00E+00;0;0.0;1.00E+00;0;88.0;2.00E-33;25.48;80.0;5.00E-40;25.00
Spinacia oleracea_9;74.0;6.00E-45;40.78;0.0;1.00E+00;0;0.0;1.00E+00;0;0.0;1.00E+00;0;0.0;1.00E+00;0;0.0;1.00E+00;0;72.0;4.00E-33;29.20;79.0;9.00E-40;26.48
Spinacia oleracea_10;73.0;6.00E-40;38.65;0.0;1.00E+00;0;0.0;1.00E+00;0;0.0;1.00E+00;0;0.0;1.00E+00;0;0.0;1.00E+00;0;84.0;3.00E-41;28.44;81.0;3.00E-39;27.44
Beta vulgaris sp. vulgaris;73.0;4.00E-54;44.39;0.0;1.00E+00;0;0.0;1.00E+00;0;0.0;1.00E+00;0;0.0;1.00E+00;0;0.0;1.00E+00;0;84.0;2.00E-42;28.57;80.0;1.00E-46;27.45
Beta vulgaris_2;74.0;6.00E-47;41.15;0.0;1.00E+00;0;0.0;1.00E+00;0;0.0;1.00E+00;0;0.0;1.00E+00;0;0.0;1.00E+00;0;87.0;5.00E-39;27.25;80.0;2.00E-46;27.45
Beta vulgaris_3;74.0;2.00E-46;41.15;0.0;1.00E+00;0;0.0;1.00E+00;0;0.0;1.00E+00;0;0.0;1.00E+00;0;0.0;1.00E+00;0;87.0;8.00E-39;27.25;85.0;2.00E-39;26.20
Beta vulgaris_4;73.0;5.00E-46;41.55;0.0;1.00E+00;0;0.0;1.00E+00;0;0.0;1.00E+00;0;0.0;1.00E+00;0;0.0;1.00E+00;0;88.0;9.00E-38;26.73;79.0;3.00E-39;26.33
Beta vulgaris_5;73.0;1.00E-44;40.49;0.0;1.00E+00;0;0.0;1.00E+00;0;0.0;1.00E+00;0;0.0;1.00E+00;0;0.0;1.00E+00;0;83.0;9.00E-37;27.78;80.0;7.00E-39;26.49
Beta vulgaris_6;73.0;1.00E-44;40.49;0.0;1.00E+00;0;0.0;1.00E+00;0;0.0;1.00E+00;0;0.0;1.00E+00;0;0.0;1.00E+00;0;88.0;1.00E-36;25.87;80.0;9.00E-39;25.60
Beta vulgaris_7;73.0;2.00E-44;40.49;0.0;1.00E+00;0;0.0;1.00E+00;0;0.0;1.00E+00;0;0.0;1.00E+00;0;0.0;1.00E+00;0;86.0;2.00E-36;28.95;93.0;1.00E-36;24.51
Beta vulgaris_8;73.0;5.00E-44;40.49;0.0;1.00E+00;0;0.0;1.00E+00;0;0.0;1.00E+00;0;0.0;1.00E+00;0;0.0;1.00E+00;0;91.0;3.00E-36;25.94;93.0;2.00E-35;24.85
Beta vulgaris_9;73.0;4.00E-42;39.51;0.0;1.00E+00;0;0.0;1.00E+00;0;0.0;1.00E+00;0;0.0;1.00E+00;0;0.0;1.00E+00;0;89.0;1.00E-34;26.88;79.0;3.00E-35;26.25
Beta vulgaris_10;79.0;6.00E-41;38.67;0.0;1.00E+00;0;0.0;1.00E+00;0;0.0;1.00E+00;0;0.0;1.00E+00;0;0.0;1.00E+00;0;81.0;4.00E-34;27.00;78.0;6.00E-35;26.44
Mirabilis jalapa;73.0;2.00E-57;44.88;0.0;1.00E+00;0;0.0;1.00E+00;0;0.0;1.00E+00;0;0.0;1.00E+00;0;0.0;1.00E+00;0;78.0;3.00E-31;26.54;81.0;2.00E-27;24.77
Mirabilis_2;79.0;2.00E-53;40.00;0.0;1.00E+00;0;0.0;1.00E+00;0;0.0;1.00E+00;0;0.0;1.00E+00;0;0.0;1.00E+00;0;78.0;4.00E-31;26.54;77.0;9.00E-27;23.50
Mirabilis_3;79.0;4.00E-51;38.60;0.0;1.00E+00;0;0.0;1.00E+00;0;0.0;1.00E+00;0;0.0;1.00E+00;0;0.0;1.00E+00;0;69.0;1.00E-28;25.93;87.0;1.00E-23;23.97
Mirabilis_4;79.0;1.00E-50;38.60;0.0;1.00E+00;0;0.0;1.00E+00;0;0.0;1.00E+00;0;0.0;1.00E+00;0;0.0;1.00E+00;0;69.0;1.00E-27;25.16;83.0;1.00E-23;24.37
Mirabilis_5;73.0;5.00E-42;39.61;0.0;1.00E+00;0;0.0;1.00E+00;0;0.0;1.00E+00;0;0.0;1.00E+00;0;0.0;1.00E+00;0;73.0;1.00E-26;24.71;47.0;4.00E-22;27.35
Mirabilis_6;73.0;6.00E-42;39.61;0.0;1.00E+00;0;0.0;1.00E+00;0;0.0;1.00E+00;0;0.0;1.00E+00;0;0.0;1.00E+00;0;67.0;8.00E-25;27.53;77.0;4.00E-22;24.38
Mirabilis_7;73.0;2.00E-41;39.61;0.0;1.00E+00;0;0.0;1.00E+00;0;0.0;1.00E+00;0;0.0;1.00E+00;0;0.0;1.00E+00;0;67.0;2.00E-24;27.48;73.0;1.00E-21;23.68
Mirabilis_8;68.0;8.00E-39;36.27;0.0;1.00E+00;0;0.0;1.00E+00;0;0.0;1.00E+00;0;0.0;1.00E+00;0;0.0;1.00E+00;0;30.0;2.00E-20;33.80;69.0;1.00E-28;25.88
Mirabilis_9;69.0;8.00E-38;36.11;0.0;1.00E+00;0;0.0;1.00E+00;0;0.0;1.00E+00;0;0.0;1.00E+00;0;0.0;1.00E+00;0;66.0;2.00E-23;26.98;68.0;1.00E-27;25.20
Mirabilis_10;68.0;8.00E-38;36.26;0.0;1.00E+00;0;0.0;1.00E+00;0;0.0;1.00E+00;0;0.0;1.00E+00;0;0.0;1.00E+00;0;30.0;2.00E-19;32.80;70.0;1.00E-26;24.70
Portulaca grandiflora;88.0;3.00E-52;36.90;0.0;1.00E+00;0;0.0;1.00E+00;0;0.0;1.00E+00;0;0.0;1.00E+00;0;0.0;1.00E+00;0;57.0;2.00E-29;30.97;21.0;1.00E-06;30.00
Portulaca_2;88.0;5.00E-55;38.89;0.0;1.00E+00;0;0.0;1.00E+00;0;0.0;1.00E+00;0;0.0;1.00E+00;0;0.0;1.00E+00;0;71.0;2.00E-35;29.17;56.0;2.00E-23;28.23
Portulaca_3;74.0;6.00E-55;41.55;0.0;1.00E+00;0;0.0;1.00E+00;0;0.0;1.00E+00;0;0.0;1.00E+00;0;0.0;1.00E+00;0;57.0;1.00E-28;30.97;45.0;1.00E-22;30.60
Portulaca_4;88.0;1.00E-53;38.65;0.0;1.00E+00;0;0.0;1.00E+00;0;0.0;1.00E+00;0;0.0;1.00E+00;0;0.0;1.00E+00;0;55.0;2.00E-28;29.89;69.0;1.00E-22;22.95
Portulaca_5;88.0;9.00E-53;37.70;0.0;1.00E+00;0;0.0;1.00E+00;0;0.0;1.00E+00;0;0.0;1.00E+00;0;0.0;1.00E+00;0;65.0;5.00E-28;28.30;43.0;1.00E-21;27.31
Portulaca_6;73.0;1.00E-52;41.75;0.0;1.00E+00;0;0.0;1.00E+00;0;0.0;1.00E+00;0;0.0;1.00E+00;0;0.0;1.00E+00;0;40.0;1.00E-27;35.11;36.0;4.00E-21;30.81
Portulaca_7;74.0;2.00E-52;40.58;0.0;1.00E+00;0;0.0;1.00E+00;0;0.0;1.00E+00;0;0.0;1.00E+00;0;0.0;1.00E+00;0;70.0;2.00E-27;26.79;66.0;3.00E-19;23.91
Portulaca_8;88.0;2.00E-52;38.25;0.0;1.00E+00;0;0.0;1.00E+00;0;0.0;1.00E+00;0;0.0;1.00E+00;0;0.0;1.00E+00;0;55.0;4.00E-27;30.57;32.0;6.00E-19;33.33
Portulaca_9;88.0;1.00E-51;36.90;0.0;1.00E+00;0;0.0;1.00E+00;0;0.0;1.00E+00;0;0.0;1.00E+00;0;0.0;1.00E+00;0;67.0;2.00E-26;27.19;42.0;9.00E-19;27.40
Portulaca_10;88.0;1.00E-51;36.90;0.0;1.00E+00;0;0.0;1.00E+00;0;0.0;1.00E+00;0;0.0;1.00E+00;0;0.0;1.00E+00;0;30.0;7.00E-21;36.36;42.0;1.00E-17;27.40
Amaranthus sp.;73.0;2.00E-52;43.00;0.0;1.00E+00;0;0.0;1.00E+00;0;0.0;1.00E+00;0;0.0;1.00E+00;0;0.0;1.00E+00;0;79.0;5.00E-40;29.18;80.0;7.00E-47;28.36
Amaranthus_2;73.0;3.00E-52;43.00;0.0;1.00E+00;0;0.0;1.00E+00;0;0.0;1.00E+00;0;0.0;1.00E+00;0;0.0;1.00E+00;0;88.0;6.00E-39;26.98;80.0;2.00E-44;27.70
Amaranthus_3;73.0;4.00E-52;41.75;0.0;1.00E+00;0;0.0;1.00E+00;0;0.0;1.00E+00;0;0.0;1.00E+00;0;0.0;1.00E+00;0;88.0;2.00E-38;26.57;80.0;4.00E-44;27.70
Amaranthus_4;73.0;2.00E-47;42.03;0.0;1.00E+00;0;0.0;1.00E+00;0;0.0;1.00E+00;0;0.0;1.00E+00;0;0.0;1.00E+00;0;86.0;7.00E-38;25.00;81.0;7.00E-44;27.29
Amaranthus_5;73.0;2.00E-47;42.03;0.0;1.00E+00;0;0.0;1.00E+00;0;0.0;1.00E+00;0;0.0;1.00E+00;0;0.0;1.00E+00;0;89.0;3.00E-37;24.94;81.0;7.00E-44;29.76
Amaranthus_6;73.0;1.00E-46;41.75;0.0;1.00E+00;0;0.0;1.00E+00;0;0.0;1.00E+00;0;0.0;1.00E+00;0;0.0;1.00E+00;0;85.0;2.00E-34;26.70;81.0;8.00E-44;27.29
Amaranthus_7;73.0;4.00E-45;41.55;0.0;1.00E+00;0;0.0;1.00E+00;0;0.0;1.00E+00;0;0.0;1.00E+00;0;0.0;1.00E+00;0;87.0;4.00E-34;24.82;81.0;2.00E-43;29.52
Amaranthus_8;73.0;7.00E-39;37.86;0.0;1.00E+00;0;0.0;1.00E+00;0;0.0;1.00E+00;0;0.0;1.00E+00;0;0.0;1.00E+00;0;80.0;5.00E-34;25.52;80.0;3.00E-43;26.83
Amaranthus_9;73.0;9.00E-39;36.89;0.0;1.00E+00;0;0.0;1.00E+00;0;0.0;1.00E+00;0;0.0;1.00E+00;0;0.0;1.00E+00;0;69.0;6.00E-34;28.40;80.0;1.00E-39;27.59
Amaranthus_10;73.0;1.00E-38;36.89;0.0;1.00E+00;0;0.0;1.00E+00;0;0.0;1.00E+00;0;0.0;1.00E+00;0;0.0;1.00E+00;0;45.0;1.00E-33;33.81;80.0;7.00E-39;27.59
Bougainvillea sp.;79.0;2.00E-54;38.22;0.0;1.00E+00;0;0.0;1.00E+00;0;0.0;1.00E+00;0;0.0;1.00E+00;0;0.0;1.00E+00;0;79.0;5.00E-33;27.20;81.0;4.00E-25;23.90
Bougainvillea_2;79.0;2.00E-53;38.67;0.0;1.00E+00;0;0.0;1.00E+00;0;0.0;1.00E+00;0;0.0;1.00E+00;0;0.0;1.00E+00;0;79.0;6.00E-33;27.39;75.0;7.00E-24;25.94
Bougainvillea_3;73.0;2.00E-53;43.63;0.0;1.00E+00;0;0.0;1.00E+00;0;0.0;1.00E+00;0;0.0;1.00E+00;0;0.0;1.00E+00;0;72.0;7.00E-32;28.49;71.0;2.00E-23;25.71
Bougainvillea_4;79.0;2.00E-53;38.22;0.0;1.00E+00;0;0.0;1.00E+00;0;0.0;1.00E+00;0;0.0;1.00E+00;0;0.0;1.00E+00;0;66.0;7.00E-30;29.25;81.0;7.00E-22;23.90
Bougainvillea_5;79.0;2.00E-53;37.78;0.0;1.00E+00;0;0.0;1.00E+00;0;0.0;1.00E+00;0;0.0;1.00E+00;0;0.0;1.00E+00;0;64.0;1.00E-25;30.00;77.0;5.00E-21;23.46
Bougainvillea_6;92.0;4.00E-53;38.43;0.0;1.00E+00;0;0.0;1.00E+00;0;0.0;1.00E+00;0;0.0;1.00E+00;0;0.0;1.00E+00;0;34.0;1.00E-21;33.96;55.0;8.00E-21;26.71
Bougainvillea_7;81.0;3.00E-48;38.16;0.0;1.00E+00;0;0.0;1.00E+00;0;0.0;1.00E+00;0;0.0;1.00E+00;0;0.0;1.00E+00;0;68.0;5.00E-20;24.55;39.0;3.00E-16;32.02
Bougainvillea_8;81.0;2.00E-47;37.72;0.0;1.00E+00;0;0.0;1.00E+00;0;0.0;1.00E+00;0;0.0;1.00E+00;0;0.0;1.00E+00;0;43.0;1.00E-18;28.92;27.0;3.00E-16;31.21
Bougainvillea_9;74.0;2.00E-42;38.57;0.0;1.00E+00;0;0.0;1.00E+00;0;0.0;1.00E+00;0;0.0;1.00E+00;0;0.0;1.00E+00;0;42.0;1.00E-18;28.90;79.0;4.00E-25;24.24
Bougainvillea_10;73.0;8.00E-42;39.32;0.0;1.00E+00;0;0.0;1.00E+00;0;0.0;1.00E+00;0;0.0;1.00E+00;0;0.0;1.00E+00;0;40.0;1.00E-17;27.87;71.0;2.00E-23;25.66
